{
  "offgrid": [
    {
      "pos": [
        914,
        238
      ],
      "type": "large_decor",
      "variant": 0
    },
    {
      "pos": [
        722,
        302
      ],
      "type": "large_decor",
      "variant": 0
    },
    {
      "pos": [
        140,
        334
      ],
      "type": "large_decor",
      "variant": 0
    },
    {
      "pos": [
        602,
        110
      ],
      "type": "large_decor",
      "variant": 0
    },
    {
      "pos": [
        556,
        330
      ],
      "type": "large_decor",
      "variant": 1
    },
    {
      "pos": [
        586,
        298
      ],
      "type": "large_decor",
      "variant": 1
    },
    {
      "pos": [
        266,
        360
      ],
      "type": "large_decor",
      "variant": 1
    },
    {
      "pos": [
        8,
        330
      ],
      "type": "large_decor",
      "variant": 1
    },
    {
      "pos": [
        50,
        266
      ],
      "type": "large_decor",
      "variant": 2
    },
    {
      "pos": [
        340,
        332
      ],
      "type": "large_decor",
      "variant": 2
    },
    {
      "pos": [
        478,
        376
      ],
      "type": "large_decor",
      "variant": 2
    },
    {
      "pos": [
        504,
        74
      ],
      "type": "large_decor",
      "variant": 2
    },
    {
      "pos": [
        236,
        74
      ],
      "type": "large_decor",
      "variant": 2
    },
    {
      "pos": [
        680,
        234
      ],
      "type": "large_decor",
      "variant": 2
    },
    {
      "pos": [
        456,
        384
      ],
      "type": "spawners",
      "variant": 0
    },
    {
      "pos": [
        118,
        318
      ],
      "type": "spawners",
      "variant": 1
    }
    
  ],
  "tile_size": 32,
  "tilemap": {
    "0;1": {
      "pos": [
        0,
        1
      ],
      "type": "grass",
      "variant": 0
    },
    "0;11": {
      "pos": [
        0,
        11
      ],
      "type": "grass",
      "variant": 0
    },
    "0;12": {
      "pos": [
        0,
        12
      ],
      "type": "grass",
      "variant": 7
    },
    "0;13": {
      "pos": [
        0,
        13
      ],
      "type": "grass",
      "variant": 6
    },
    "10;12": {
      "pos": [
        10,
        12
      ],
      "type": "decor",
      "variant": 1
    },
    "10;13": {
      "pos": [
        10,
        13
      ],
      "type": "grass",
      "variant": 1
    },
    "10;14": {
      "pos": [
        10,
        14
      ],
      "type": "grass",
      "variant": 8
    },
    "10;15": {
      "pos": [
        10,
        15
      ],
      "type": "grass",
      "variant": 5
    },
    "11;13": {
      "pos": [
        11,
        13
      ],
      "type": "grass",
      "variant": 1
    },
    "11;14": {
      "pos": [
        11,
        14
      ],
      "type": "grass",
      "variant": 8
    },
    "11;15": {
      "pos": [
        11,
        15
      ],
      "type": "grass",
      "variant": 5
    },
    "12;12": {
      "pos": [
        12,
        12
      ],
      "type": "decor",
      "variant": 2
    },
    "12;13": {
      "pos": [
        12,
        13
      ],
      "type": "grass",
      "variant": 1
    },
    "12;14": {
      "pos": [
        12,
        14
      ],
      "type": "grass",
      "variant": 8
    },
    "12;15": {
      "pos": [
        12,
        15
      ],
      "type": "grass",
      "variant": 5
    },
    "13;12": {
      "pos": [
        13,
        12
      ],
      "type": "decor",
      "variant": 0
    },
    "13;13": {
      "pos": [
        13,
        13
      ],
      "type": "grass",
      "variant": 1
    },
    "13;14": {
      "pos": [
        13,
        14
      ],
      "type": "grass",
      "variant": 8
    },
    "13;15": {
      "pos": [
        13,
        15
      ],
      "type": "grass",
      "variant": 5
    },
    "14;13": {
      "pos": [
        14,
        13
      ],
      "type": "grass",
      "variant": 1
    },
    "14;14": {
      "pos": [
        14,
        14
      ],
      "type": "grass",
      "variant": 8
    },
    "14;15": {
      "pos": [
        14,
        15
      ],
      "type": "grass",
      "variant": 5
    },
    "15;12": {
      "pos": [
        15,
        12
      ],
      "type": "decor",
      "variant": 1
    },
    "15;13": {
      "pos": [
        15,
        13
      ],
      "type": "grass",
      "variant": 1
    },
    "15;14": {
      "pos": [
        15,
        14
      ],
      "type": "grass",
      "variant": 8
    },
    "15;15": {
      "pos": [
        15,
        15
      ],
      "type": "grass",
      "variant": 5
    },
    "16;12": {
      "pos": [
        16,
        12
      ],
      "type": "grass",
      "variant": 0
    },
    "16;13": {
      "pos": [
        16,
        13
      ],
      "type": "grass",
      "variant": 8
    },
    "16;14": {
      "pos": [
        16,
        14
      ],
      "type": "grass",
      "variant": 8
    },
    "16;15": {
      "pos": [
        16,
        15
      ],
      "type": "grass",
      "variant": 5
    },
    "16;5": {
      "pos": [
        16,
        5
      ],
      "type": "grass",
      "variant": 0
    },
    "16;6": {
      "pos": [
        16,
        6
      ],
      "type": "grass",
      "variant": 6
    },
    "17;11": {
      "pos": [
        17,
        11
      ],
      "type": "grass",
      "variant": 0
    },
    "17;12": {
      "pos": [
        17,
        12
      ],
      "type": "grass",
      "variant": 8
    },
    "17;13": {
      "pos": [
        17,
        13
      ],
      "type": "grass",
      "variant": 8
    },
    "17;14": {
      "pos": [
        17,
        14
      ],
      "type": "grass",
      "variant": 8
    },
    "17;15": {
      "pos": [
        17,
        15
      ],
      "type": "grass",
      "variant": 4
    },
    "17;3": {
      "pos": [
        17,
        3
      ],
      "type": "decor",
      "variant": 1
    },
    "17;4": {
      "pos": [
        17,
        4
      ],
      "type": "grass",
      "variant": 0
    },
    "17;5": {
      "pos": [
        17,
        5
      ],
      "type": "grass",
      "variant": 8
    },
    "17;6": {
      "pos": [
        17,
        6
      ],
      "type": "grass",
      "variant": 5
    },
    "18;10": {
      "pos": [
        18,
        10
      ],
      "type": "grass",
      "variant": 0
    },
    "18;11": {
      "pos": [
        18,
        11
      ],
      "type": "grass",
      "variant": 8
    },
    "18;12": {
      "pos": [
        18,
        12
      ],
      "type": "grass",
      "variant": 8
    },
    "18;13": {
      "pos": [
        18,
        13
      ],
      "type": "grass",
      "variant": 8
    },
    "18;14": {
      "pos": [
        18,
        14
      ],
      "type": "grass",
      "variant": 5
    },
    "18;3": {
      "pos": [
        18,
        3
      ],
      "type": "decor",
      "variant": 0
    },
    "18;4": {
      "pos": [
        18,
        4
      ],
      "type": "grass",
      "variant": 1
    },
    "18;5": {
      "pos": [
        18,
        5
      ],
      "type": "grass",
      "variant": 8
    },
    "18;6": {
      "pos": [
        18,
        6
      ],
      "type": "grass",
      "variant": 5
    },
    "19;10": {
      "pos": [
        19,
        10
      ],
      "type": "grass",
      "variant": 1
    },
    "19;11": {
      "pos": [
        19,
        11
      ],
      "type": "grass",
      "variant": 8
    },
    "19;12": {
      "pos": [
        19,
        12
      ],
      "type": "grass",
      "variant": 8
    },
    "19;13": {
      "pos": [
        19,
        13
      ],
      "type": "grass",
      "variant": 8
    },
    "19;14": {
      "pos": [
        19,
        14
      ],
      "type": "grass",
      "variant": 5
    },
    "19;3": {
      "pos": [
        19,
        3
      ],
      "type": "decor",
      "variant": 2
    },
    "19;4": {
      "pos": [
        19,
        4
      ],
      "type": "grass",
      "variant": 1
    },
    "19;5": {
      "pos": [
        19,
        5
      ],
      "type": "grass",
      "variant": 8
    },
    "19;6": {
      "pos": [
        19,
        6
      ],
      "type": "grass",
      "variant": 4
    },
    "19;9": {
      "pos": [
        19,
        9
      ],
      "type": "decor",
      "variant": 3
    },
    "1;10": {
      "pos": [
        1,
        10
      ],
      "type": "decor",
      "variant": 2
    },
    "1;11": {
      "pos": [
        1,
        11
      ],
      "type": "grass",
      "variant": 1
    },
    "1;12": {
      "pos": [
        1,
        12
      ],
      "type": "grass",
      "variant": 8
    },
    "1;13": {
      "pos": [
        1,
        13
      ],
      "type": "grass",
      "variant": 8
    },
    "1;14": {
      "pos": [
        1,
        14
      ],
      "type": "grass",
      "variant": 6
    },
    "20;10": {
      "pos": [
        20,
        10
      ],
      "type": "grass",
      "variant": 1
    },
    "20;11": {
      "pos": [
        20,
        11
      ],
      "type": "grass",
      "variant": 8
    },
    "20;12": {
      "pos": [
        20,
        12
      ],
      "type": "grass",
      "variant": 8
    },
    "20;13": {
      "pos": [
        20,
        13
      ],
      "type": "grass",
      "variant": 8
    },
    "20;14": {
      "pos": [
        20,
        14
      ],
      "type": "grass",
      "variant": 5
    },
    "20;4": {
      "pos": [
        20,
        4
      ],
      "type": "grass",
      "variant": 2
    },
    "20;5": {
      "pos": [
        20,
        5
      ],
      "type": "grass",
      "variant": 4
    },
    "20;9": {
      "pos": [
        20,
        9
      ],
      "type": "decor",
      "variant": 0
    },
    "21;10": {
      "pos": [
        21,
        10
      ],
      "type": "grass",
      "variant": 1
    },
    "21;11": {
      "pos": [
        21,
        11
      ],
      "type": "grass",
      "variant": 8
    },
    "21;12": {
      "pos": [
        21,
        12
      ],
      "type": "grass",
      "variant": 8
    },
    "21;13": {
      "pos": [
        21,
        13
      ],
      "type": "grass",
      "variant": 8
    },
    "21;14": {
      "pos": [
        21,
        14
      ],
      "type": "grass",
      "variant": 5
    },
    "21;9": {
      "pos": [
        21,
        9
      ],
      "type": "decor",
      "variant": 2
    },
    "22;10": {
      "pos": [
        22,
        10
      ],
      "type": "grass",
      "variant": 1
    },
    "22;11": {
      "pos": [
        22,
        11
      ],
      "type": "grass",
      "variant": 8
    },
    "22;12": {
      "pos": [
        22,
        12
      ],
      "type": "grass",
      "variant": 8
    },
    "22;13": {
      "pos": [
        22,
        13
      ],
      "type": "grass",
      "variant": 8
    },
    "22;14": {
      "pos": [
        22,
        14
      ],
      "type": "grass",
      "variant": 4
    },
    "22;9": {
      "pos": [
        22,
        9
      ],
      "type": "decor",
      "variant": 1
    },
    "23;10": {
      "pos": [
        23,
        10
      ],
      "type": "grass",
      "variant": 1
    },
    "23;11": {
      "pos": [
        23,
        11
      ],
      "type": "grass",
      "variant": 8
    },
    "23;12": {
      "pos": [
        23,
        12
      ],
      "type": "grass",
      "variant": 8
    },
    "23;13": {
      "pos": [
        23,
        13
      ],
      "type": "grass",
      "variant": 5
    },
    "23;9": {
      "pos": [
        23,
        9
      ],
      "type": "decor",
      "variant": 0
    },
    "24;10": {
      "pos": [
        24,
        10
      ],
      "type": "grass",
      "variant": 2
    },
    "24;11": {
      "pos": [
        24,
        11
      ],
      "type": "grass",
      "variant": 3
    },
    "24;12": {
      "pos": [
        24,
        12
      ],
      "type": "grass",
      "variant": 3
    },
    "24;13": {
      "pos": [
        24,
        13
      ],
      "type": "grass",
      "variant": 4
    },
    "26;10": {
      "pos": [
        26,
        10
      ],
      "type": "stone",
      "variant": 7
    },
    "26;11": {
      "pos": [
        26,
        11
      ],
      "type": "stone",
      "variant": 6
    },
    "26;8": {
      "pos": [
        26,
        8
      ],
      "type": "stone",
      "variant": 0
    },
    "26;9": {
      "pos": [
        26,
        9
      ],
      "type": "stone",
      "variant": 7
    },
    "27;10": {
      "pos": [
        27,
        10
      ],
      "type": "stone",
      "variant": 8
    },
    "27;11": {
      "pos": [
        27,
        11
      ],
      "type": "stone",
      "variant": 8
    },
    "27;12": {
      "pos": [
        27,
        12
      ],
      "type": "stone",
      "variant": 7
    },
    "27;13": {
      "pos": [
        27,
        13
      ],
      "type": "stone",
      "variant": 6
    },
    "27;7": {
      "pos": [
        27,
        7
      ],
      "type": "decor",
      "variant": 3
    },
    "27;8": {
      "pos": [
        27,
        8
      ],
      "type": "stone",
      "variant": 1
    },
    "27;9": {
      "pos": [
        27,
        9
      ],
      "type": "stone",
      "variant": 8
    },
    "28;10": {
      "pos": [
        28,
        10
      ],
      "type": "stone",
      "variant": 8
    },
    "28;11": {
      "pos": [
        28,
        11
      ],
      "type": "stone",
      "variant": 8
    },
    "28;12": {
      "pos": [
        28,
        12
      ],
      "type": "stone",
      "variant": 8
    },
    "28;13": {
      "pos": [
        28,
        13
      ],
      "type": "stone",
      "variant": 5
    },
    "28;8": {
      "pos": [
        28,
        8
      ],
      "type": "stone",
      "variant": 1
    },
    "28;9": {
      "pos": [
        28,
        9
      ],
      "type": "stone",
      "variant": 8
    },
    "29;10": {
      "pos": [
        29,
        10
      ],
      "type": "stone",
      "variant": 8
    },
    "29;11": {
      "pos": [
        29,
        11
      ],
      "type": "stone",
      "variant": 8
    },
    "29;12": {
      "pos": [
        29,
        12
      ],
      "type": "stone",
      "variant": 8
    },
    "29;13": {
      "pos": [
        29,
        13
      ],
      "type": "stone",
      "variant": 4
    },
    "29;8": {
      "pos": [
        29,
        8
      ],
      "type": "stone",
      "variant": 1
    },
    "29;9": {
      "pos": [
        29,
        9
      ],
      "type": "stone",
      "variant": 8
    },
    "2;10": {
      "pos": [
        2,
        10
      ],
      "type": "decor",
      "variant": 0
    },
    "2;11": {
      "pos": [
        2,
        11
      ],
      "type": "grass",
      "variant": 1
    },
    "2;12": {
      "pos": [
        2,
        12
      ],
      "type": "grass",
      "variant": 8
    },
    "2;13": {
      "pos": [
        2,
        13
      ],
      "type": "grass",
      "variant": 8
    },
    "2;14": {
      "pos": [
        2,
        14
      ],
      "type": "grass",
      "variant": 5
    },
    "30;10": {
      "pos": [
        30,
        10
      ],
      "type": "stone",
      "variant": 3
    },
    "30;11": {
      "pos": [
        30,
        11
      ],
      "type": "stone",
      "variant": 3
    },
    "30;12": {
      "pos": [
        30,
        12
      ],
      "type": "stone",
      "variant": 4
    },
    "30;8": {
      "pos": [
        30,
        8
      ],
      "type": "stone",
      "variant": 2
    },
    "30;9": {
      "pos": [
        30,
        9
      ],
      "type": "stone",
      "variant": 3
    },
    "3;10": {
      "pos": [
        3,
        10
      ],
      "type": "decor",
      "variant": 1
    },
    "3;11": {
      "pos": [
        3,
        11
      ],
      "type": "grass",
      "variant": 1
    },
    "3;12": {
      "pos": [
        3,
        12
      ],
      "type": "grass",
      "variant": 8
    },
    "3;13": {
      "pos": [
        3,
        13
      ],
      "type": "grass",
      "variant": 8
    },
    "3;14": {
      "pos": [
        3,
        14
      ],
      "type": "grass",
      "variant": 5
    },
    "4;11": {
      "pos": [
        4,
        11
      ],
      "type": "grass",
      "variant": 1
    },
    "4;12": {
      "pos": [
        4,
        12
      ],
      "type": "grass",
      "variant": 8
    },
    "4;13": {
      "pos": [
        4,
        13
      ],
      "type": "grass",
      "variant": 8
    },
    "4;14": {
      "pos": [
        4,
        14
      ],
      "type": "grass",
      "variant": 5
    },
    "5;10": {
      "pos": [
        5,
        10
      ],
      "type": "decor",
      "variant": 0
    },
    "5;11": {
      "pos": [
        5,
        11
      ],
      "type": "grass",
      "variant": 1
    },
    "5;12": {
      "pos": [
        5,
        12
      ],
      "type": "grass",
      "variant": 8
    },
    "5;13": {
      "pos": [
        5,
        13
      ],
      "type": "grass",
      "variant": 8
    },
    "5;14": {
      "pos": [
        5,
        14
      ],
      "type": "grass",
      "variant": 5
    },
    "6;10": {
      "pos": [
        6,
        10
      ],
      "type": "decor",
      "variant": 2
    },
    "6;11": {
      "pos": [
        6,
        11
      ],
      "type": "grass",
      "variant": 1
    },
    "6;12": {
      "pos": [
        6,
        12
      ],
      "type": "grass",
      "variant": 8
    },
    "6;13": {
      "pos": [
        6,
        13
      ],
      "type": "grass",
      "variant": 8
    },
    "6;14": {
      "pos": [
        6,
        14
      ],
      "type": "grass",
      "variant": 5
    },
    "6;4": {
      "pos": [
        6,
        4
      ],
      "type": "decor",
      "variant": 3
    },
    "6;5": {
      "pos": [
        6,
        5
      ],
      "type": "grass",
      "variant": 0
    },
    "6;6": {
      "pos": [
        6,
        6
      ],
      "type": "grass",
      "variant": 6
    },
    "7;10": {
      "pos": [
        7,
        10
      ],
      "type": "decor",
      "variant": 0
    },
    "7;11": {
      "pos": [
        7,
        11
      ],
      "type": "grass",
      "variant": 1
    },
    "7;12": {
      "pos": [
        7,
        12
      ],
      "type": "grass",
      "variant": 8
    },
    "7;13": {
      "pos": [
        7,
        13
      ],
      "type": "grass",
      "variant": 8
    },
    "7;14": {
      "pos": [
        7,
        14
      ],
      "type": "grass",
      "variant": 8
    },
    "7;15": {
      "pos": [
        7,
        15
      ],
      "type": "grass",
      "variant": 6
    },
    "7;4": {
      "pos": [
        7,
        4
      ],
      "type": "decor",
      "variant": 0
    },
    "7;5": {
      "pos": [
        7,
        5
      ],
      "type": "grass",
      "variant": 1
    },
    "7;6": {
      "pos": [
        7,
        6
      ],
      "type": "grass",
      "variant": 8
    },
    "7;7": {
      "pos": [
        7,
        7
      ],
      "type": "grass",
      "variant": 6
    },
    "8;10": {
      "pos": [
        8,
        10
      ],
      "type": "decor",
      "variant": 1
    },
    "8;11": {
      "pos": [
        8,
        11
      ],
      "type": "grass",
      "variant": 2
    },
    "8;12": {
      "pos": [
        8,
        12
      ],
      "type": "grass",
      "variant": 8
    },
    "8;13": {
      "pos": [
        8,
        13
      ],
      "type": "grass",
      "variant": 8
    },
    "8;14": {
      "pos": [
        8,
        14
      ],
      "type": "grass",
      "variant": 8
    },
    "8;15": {
      "pos": [
        8,
        15
      ],
      "type": "grass",
      "variant": 5
    },
    "8;4": {
      "pos": [
        8,
        4
      ],
      "type": "decor",
      "variant": 1
    },
    "8;5": {
      "pos": [
        8,
        5
      ],
      "type": "grass",
      "variant": 2
    },
    "8;6": {
      "pos": [
        8,
        6
      ],
      "type": "grass",
      "variant": 8
    },
    "8;7": {
      "pos": [
        8,
        7
      ],
      "type": "grass",
      "variant": 5
    },
    "9;12": {
      "pos": [
        9,
        12
      ],
      "type": "grass",
      "variant": 2
    },
    "9;13": {
      "pos": [
        9,
        13
      ],
      "type": "grass",
      "variant": 8
    },
    "9;14": {
      "pos": [
        9,
        14
      ],
      "type": "grass",
      "variant": 8
    },
    "9;15": {
      "pos": [
        9,
        15
      ],
      "type": "grass",
      "variant": 5
    },
    "9;5": {
      "pos": [
        9,
        5
      ],
      "type": "decor",
      "variant": 2
    },
    "9;6": {
      "pos": [
        9,
        6
      ],
      "type": "grass",
      "variant": 2
    },
    "9;7": {
      "pos": [
        9,
        7
      ],
      "type": "grass",
      "variant": 4
    }
  }
}