{"offgrid":[{"pos":[976,238],"type":"large_decor","variant":0},{"pos":[762,-18],"type":"large_decor","variant":0},{"pos":[523,303],"type":"large_decor","variant":0},{"pos":[103,-18],"type":"large_decor","variant":0},{"pos":[-223,111],"type":"large_decor","variant":0},{"pos":[813,300],"type":"large_decor","variant":1},{"pos":[849,330],"type":"large_decor","variant":1},{"pos":[262,234],"type":"large_decor","variant":1},{"pos":[-21,73],"type":"large_decor","variant":1},{"pos":[-91,41],"type":"large_decor","variant":2},{"pos":[21,59],"type":"large_decor","variant":2},{"pos":[176,-85],"type":"large_decor","variant":2},{"pos":[449,-179],"type":"large_decor","variant":2},{"pos":[359,-121],"type":"large_decor","variant":2},{"pos":[400,137],"type":"large_decor","variant":2},{"pos":[582,234],"type":"large_decor","variant":2},{"pos":[696,273],"type":"large_decor","variant":2},{"pos":[665,285],"type":"spawners","variant":0},{"pos":[980,223],"type":"spawners","variant":1},{"pos":[686,-33],"type":"spawners","variant":1},{"pos":[759,-34],"type":"spawners","variant":1},{"pos":[819,-31],"type":"spawners","variant":1},{"pos":[437,-128],"type":"spawners","variant":1},{"pos":[328,-128],"type":"spawners","variant":1},{"pos":[170,-33],"type":"spawners","variant":1},{"pos":[8,62],"type":"spawners","variant":1},{"pos":[-228,96],"type":"spawners","variant":1},{"pos":[-148,93],"type":"spawners","variant":1},{"pos":[-88,94],"type":"spawners","variant":1},{"pos":[313,187],"type":"spawners","variant":1}],"tile_size":32,"tilemap":{"-1;3":{"pos":[-1,3],"type":"grass","variant":0},"-1;4":{"pos":[-1,4],"type":"grass","variant":8},"-1;5":{"pos":[-1,5],"type":"grass","variant":8},"-1;6":{"pos":[-1,6],"type":"grass","variant":5},"-2;4":{"pos":[-2,4],"type":"grass","variant":1},"-2;5":{"pos":[-2,5],"type":"grass","variant":8},"-2;6":{"pos":[-2,6],"type":"grass","variant":8},"-2;7":{"pos":[-2,7],"type":"grass","variant":4},"-3;3":{"pos":[-3,3],"type":"decor","variant":1},"-3;4":{"pos":[-3,4],"type":"grass","variant":1},"-3;5":{"pos":[-3,5],"type":"grass","variant":8},"-3;6":{"pos":[-3,6],"type":"grass","variant":8},"-3;7":{"pos":[-3,7],"type":"grass","variant":5},"-4;3":{"pos":[-4,3],"type":"decor","variant":2},"-4;4":{"pos":[-4,4],"type":"grass","variant":1},"-4;5":{"pos":[-4,5],"type":"grass","variant":8},"-4;6":{"pos":[-4,6],"type":"grass","variant":8},"-4;7":{"pos":[-4,7],"type":"grass","variant":5},"-5;3":{"pos":[-5,3],"type":"decor","variant":1},"-5;4":{"pos":[-5,4],"type":"grass","variant":1},"-5;5":{"pos":[-5,5],"type":"grass","variant":8},"-5;6":{"pos":[-5,6],"type":"grass","variant":8},"-5;7":{"pos":[-5,7],"type":"grass","variant":5},"-6;3":{"pos":[-6,3],"type":"decor","variant":0},"-6;4":{"pos":[-6,4],"type":"grass","variant":1},"-6;5":{"pos":[-6,5],"type":"grass","variant":8},"-6;6":{"pos":[-6,6],"type":"grass","variant":8},"-6;7":{"pos":[-6,7],"type":"grass","variant":5},"-7;4":{"pos":[-7,4],"type":"grass","variant":1},"-7;5":{"pos":[-7,5],"type":"grass","variant":8},"-7;6":{"pos":[-7,6],"type":"grass","variant":8},"-7;7":{"pos":[-7,7],"type":"grass","variant":6},"-8;3":{"pos":[-8,3],"type":"decor","variant":2},"-8;4":{"pos":[-8,4],"type":"grass","variant":0},"-8;5":{"pos":[-8,5],"type":"grass","variant":7},"-8;6":{"pos":[-8,6],"type":"grass","variant":6},"0;2":{"pos":[0,2],"type":"decor","variant":0},"0;3":{"pos":[0,3],"type":"grass","variant":1},"0;4":{"pos":[0,4],"type":"grass","variant":8},"0;5":{"pos":[0,5],"type":"grass","variant":3},"0;6":{"pos":[0,6],"type":"grass","variant":4},"10;-1":{"pos":[10,-1],"type":"grass","variant":6},"10;-2":{"pos":[10,-2],"type":"grass","variant":8},"10;-3":{"pos":[10,-3],"type":"grass","variant":1},"10;-4":{"pos":[10,-4],"type":"decor","variant":2},"10;10":{"pos":[10,10],"type":"grass","variant":8},"10;11":{"pos":[10,11],"type":"grass","variant":8},"10;12":{"pos":[10,12],"type":"grass","variant":8},"10;13":{"pos":[10,13],"type":"grass","variant":8},"10;14":{"pos":[10,14],"type":"grass","variant":8},"10;15":{"pos":[10,15],"type":"grass","variant":8},"10;16":{"pos":[10,16],"type":"grass","variant":5},"10;6":{"pos":[10,6],"type":"decor","variant":0},"10;7":{"pos":[10,7],"type":"grass","variant":1},"10;8":{"pos":[10,8],"type":"grass","variant":8},"10;9":{"pos":[10,9],"type":"grass","variant":8},"11;-1":{"pos":[11,-1],"type":"grass","variant":8},"11;-2":{"pos":[11,-2],"type":"grass","variant":8},"11;-3":{"pos":[11,-3],"type":"grass","variant":1},"11;0":{"pos":[11,0],"type":"grass","variant":6},"11;10":{"pos":[11,10],"type":"grass","variant":8},"11;11":{"pos":[11,11],"type":"grass","variant":8},"11;12":{"pos":[11,12],"type":"grass","variant":8},"11;13":{"pos":[11,13],"type":"grass","variant":8},"11;14":{"pos":[11,14],"type":"grass","variant":8},"11;15":{"pos":[11,15],"type":"grass","variant":8},"11;16":{"pos":[11,16],"type":"grass","variant":5},"11;6":{"pos":[11,6],"type":"decor","variant":1},"11;7":{"pos":[11,7],"type":"grass","variant":1},"11;8":{"pos":[11,8],"type":"grass","variant":8},"11;9":{"pos":[11,9],"type":"grass","variant":8},"12;-1":{"pos":[12,-1],"type":"grass","variant":8},"12;-2":{"pos":[12,-2],"type":"grass","variant":8},"12;-3":{"pos":[12,-3],"type":"grass","variant":1},"12;0":{"pos":[12,0],"type":"grass","variant":5},"12;10":{"pos":[12,10],"type":"grass","variant":8},"12;11":{"pos":[12,11],"type":"grass","variant":8},"12;12":{"pos":[12,12],"type":"grass","variant":8},"12;13":{"pos":[12,13],"type":"grass","variant":8},"12;14":{"pos":[12,14],"type":"grass","variant":8},"12;15":{"pos":[12,15],"type":"grass","variant":8},"12;16":{"pos":[12,16],"type":"grass","variant":4},"12;6":{"pos":[12,6],"type":"decor","variant":3},"12;7":{"pos":[12,7],"type":"grass","variant":1},"12;8":{"pos":[12,8],"type":"grass","variant":8},"12;9":{"pos":[12,9],"type":"grass","variant":8},"13;-1":{"pos":[13,-1],"type":"grass","variant":8},"13;-2":{"pos":[13,-2],"type":"grass","variant":8},"13;-3":{"pos":[13,-3],"type":"grass","variant":1},"13;-4":{"pos":[13,-4],"type":"decor","variant":2},"13;0":{"pos":[13,0],"type":"grass","variant":5},"13;10":{"pos":[13,10],"type":"grass","variant":3},"13;11":{"pos":[13,11],"type":"grass","variant":3},"13;12":{"pos":[13,12],"type":"grass","variant":3},"13;13":{"pos":[13,13],"type":"grass","variant":3},"13;14":{"pos":[13,14],"type":"grass","variant":3},"13;15":{"pos":[13,15],"type":"grass","variant":4},"13;6":{"pos":[13,6],"type":"decor","variant":1},"13;7":{"pos":[13,7],"type":"grass","variant":2},"13;8":{"pos":[13,8],"type":"grass","variant":3},"13;9":{"pos":[13,9],"type":"grass","variant":3},"14;-1":{"pos":[14,-1],"type":"grass","variant":8},"14;-2":{"pos":[14,-2],"type":"grass","variant":8},"14;-3":{"pos":[14,-3],"type":"grass","variant":1},"14;-4":{"pos":[14,-4],"type":"decor","variant":0},"14;0":{"pos":[14,0],"type":"grass","variant":4},"15;-1":{"pos":[15,-1],"type":"grass","variant":4},"15;-2":{"pos":[15,-2],"type":"grass","variant":3},"15;-3":{"pos":[15,-3],"type":"grass","variant":2},"15;-4":{"pos":[15,-4],"type":"decor","variant":1},"16;10":{"pos":[16,10],"type":"grass","variant":0},"16;11":{"pos":[16,11],"type":"grass","variant":7},"16;12":{"pos":[16,12],"type":"grass","variant":6},"17;10":{"pos":[17,10],"type":"grass","variant":1},"17;11":{"pos":[17,11],"type":"grass","variant":8},"17;12":{"pos":[17,12],"type":"grass","variant":8},"17;13":{"pos":[17,13],"type":"grass","variant":6},"17;9":{"pos":[17,9],"type":"decor","variant":0},"18;10":{"pos":[18,10],"type":"grass","variant":1},"18;11":{"pos":[18,11],"type":"grass","variant":8},"18;12":{"pos":[18,12],"type":"grass","variant":8},"18;13":{"pos":[18,13],"type":"grass","variant":5},"18;9":{"pos":[18,9],"type":"decor","variant":1},"19;-1":{"pos":[19,-1],"type":"stone","variant":0},"19;0":{"pos":[19,0],"type":"stone","variant":7},"19;1":{"pos":[19,1],"type":"stone","variant":6},"19;10":{"pos":[19,10],"type":"grass","variant":1},"19;11":{"pos":[19,11],"type":"grass","variant":8},"19;12":{"pos":[19,12],"type":"grass","variant":8},"19;13":{"pos":[19,13],"type":"grass","variant":5},"1;2":{"pos":[1,2],"type":"decor","variant":2},"1;3":{"pos":[1,3],"type":"grass","variant":2},"1;4":{"pos":[1,4],"type":"grass","variant":4},"20;-1":{"pos":[20,-1],"type":"stone","variant":2},"20;0":{"pos":[20,0],"type":"stone","variant":8},"20;1":{"pos":[20,1],"type":"stone","variant":8},"20;10":{"pos":[20,10],"type":"grass","variant":1},"20;11":{"pos":[20,11],"type":"grass","variant":8},"20;12":{"pos":[20,12],"type":"grass","variant":8},"20;13":{"pos":[20,13],"type":"grass","variant":5},"20;2":{"pos":[20,2],"type":"stone","variant":6},"20;9":{"pos":[20,9],"type":"decor","variant":2},"21;0":{"pos":[21,0],"type":"stone","variant":1},"21;1":{"pos":[21,1],"type":"stone","variant":8},"21;10":{"pos":[21,10],"type":"grass","variant":1},"21;11":{"pos":[21,11],"type":"grass","variant":8},"21;12":{"pos":[21,12],"type":"grass","variant":8},"21;13":{"pos":[21,13],"type":"grass","variant":5},"21;2":{"pos":[21,2],"type":"stone","variant":5},"21;9":{"pos":[21,9],"type":"decor","variant":0},"22;-1":{"pos":[22,-1],"type":"decor","variant":3},"22;0":{"pos":[22,0],"type":"stone","variant":1},"22;1":{"pos":[22,1],"type":"stone","variant":8},"22;10":{"pos":[22,10],"type":"grass","variant":1},"22;11":{"pos":[22,11],"type":"grass","variant":8},"22;12":{"pos":[22,12],"type":"grass","variant":8},"22;13":{"pos":[22,13],"type":"grass","variant":5},"22;2":{"pos":[22,2],"type":"stone","variant":5},"23;0":{"pos":[23,0],"type":"stone","variant":1},"23;1":{"pos":[23,1],"type":"stone","variant":8},"23;10":{"pos":[23,10],"type":"grass","variant":1},"23;11":{"pos":[23,11],"type":"grass","variant":8},"23;12":{"pos":[23,12],"type":"grass","variant":8},"23;13":{"pos":[23,13],"type":"grass","variant":5},"23;2":{"pos":[23,2],"type":"stone","variant":5},"23;9":{"pos":[23,9],"type":"decor","variant":2},"24;0":{"pos":[24,0],"type":"stone","variant":1},"24;1":{"pos":[24,1],"type":"stone","variant":8},"24;10":{"pos":[24,10],"type":"grass","variant":1},"24;11":{"pos":[24,11],"type":"grass","variant":8},"24;12":{"pos":[24,12],"type":"grass","variant":8},"24;13":{"pos":[24,13],"type":"grass","variant":5},"24;2":{"pos":[24,2],"type":"stone","variant":5},"24;9":{"pos":[24,9],"type":"decor","variant":0},"25;0":{"pos":[25,0],"type":"stone","variant":1},"25;1":{"pos":[25,1],"type":"stone","variant":8},"25;10":{"pos":[25,10],"type":"grass","variant":1},"25;11":{"pos":[25,11],"type":"grass","variant":8},"25;12":{"pos":[25,12],"type":"grass","variant":8},"25;13":{"pos":[25,13],"type":"grass","variant":8},"25;14":{"pos":[25,14],"type":"grass","variant":6},"25;2":{"pos":[25,2],"type":"stone","variant":5},"25;9":{"pos":[25,9],"type":"decor","variant":1},"26;-1":{"pos":[26,-1],"type":"decor","variant":3},"26;0":{"pos":[26,0],"type":"stone","variant":1},"26;1":{"pos":[26,1],"type":"stone","variant":8},"26;10":{"pos":[26,10],"type":"grass","variant":2},"26;11":{"pos":[26,11],"type":"grass","variant":8},"26;12":{"pos":[26,12],"type":"grass","variant":8},"26;13":{"pos":[26,13],"type":"grass","variant":8},"26;14":{"pos":[26,14],"type":"grass","variant":4},"26;2":{"pos":[26,2],"type":"stone","variant":4},"27;0":{"pos":[27,0],"type":"stone","variant":2},"27;1":{"pos":[27,1],"type":"stone","variant":4},"27;11":{"pos":[27,11],"type":"grass","variant":2},"27;12":{"pos":[27,12],"type":"grass","variant":3},"27;13":{"pos":[27,13],"type":"grass","variant":4},"30;10":{"pos":[30,10],"type":"stone","variant":7},"30;11":{"pos":[30,11],"type":"stone","variant":7},"30;12":{"pos":[30,12],"type":"stone","variant":6},"30;2":{"pos":[30,2],"type":"stone","variant":0},"30;3":{"pos":[30,3],"type":"stone","variant":7},"30;4":{"pos":[30,4],"type":"stone","variant":6},"30;8":{"pos":[30,8],"type":"stone","variant":0},"30;9":{"pos":[30,9],"type":"stone","variant":7},"31;10":{"pos":[31,10],"type":"stone","variant":8},"31;11":{"pos":[31,11],"type":"stone","variant":8},"31;12":{"pos":[31,12],"type":"stone","variant":4},"31;2":{"pos":[31,2],"type":"stone","variant":2},"31;3":{"pos":[31,3],"type":"stone","variant":3},"31;4":{"pos":[31,4],"type":"stone","variant":4},"31;8":{"pos":[31,8],"type":"stone","variant":1},"31;9":{"pos":[31,9],"type":"stone","variant":8},"32;10":{"pos":[32,10],"type":"stone","variant":3},"32;11":{"pos":[32,11],"type":"stone","variant":4},"32;7":{"pos":[32,7],"type":"decor","variant":3},"32;8":{"pos":[32,8],"type":"stone","variant":2},"32;9":{"pos":[32,9],"type":"stone","variant":3},"34;0":{"pos":[34,0],"type":"stone","variant":0},"34;1":{"pos":[34,1],"type":"stone","variant":7},"34;2":{"pos":[34,2],"type":"stone","variant":7},"34;3":{"pos":[34,3],"type":"stone","variant":7},"34;4":{"pos":[34,4],"type":"stone","variant":7},"34;5":{"pos":[34,5],"type":"stone","variant":7},"34;6":{"pos":[34,6],"type":"stone","variant":7},"34;7":{"pos":[34,7],"type":"stone","variant":6},"35;0":{"pos":[35,0],"type":"stone","variant":2},"35;1":{"pos":[35,1],"type":"stone","variant":3},"35;2":{"pos":[35,2],"type":"stone","variant":3},"35;3":{"pos":[35,3],"type":"stone","variant":3},"35;4":{"pos":[35,4],"type":"stone","variant":3},"35;5":{"pos":[35,5],"type":"stone","variant":3},"35;6":{"pos":[35,6],"type":"stone","variant":3},"35;7":{"pos":[35,7],"type":"stone","variant":4},"3;0":{"pos":[3,0],"type":"grass","variant":0},"3;1":{"pos":[3,1],"type":"grass","variant":6},"4;-1":{"pos":[4,-1],"type":"decor","variant":0},"4;0":{"pos":[4,0],"type":"grass","variant":1},"4;1":{"pos":[4,1],"type":"grass","variant":8},"4;2":{"pos":[4,2],"type":"grass","variant":6},"5;-1":{"pos":[5,-1],"type":"decor","variant":0},"5;0":{"pos":[5,0],"type":"grass","variant":1},"5;1":{"pos":[5,1],"type":"grass","variant":8},"5;2":{"pos":[5,2],"type":"grass","variant":4},"6;-1":{"pos":[6,-1],"type":"decor","variant":1},"6;0":{"pos":[6,0],"type":"grass","variant":2},"6;1":{"pos":[6,1],"type":"grass","variant":4},"8;10":{"pos":[8,10],"type":"grass","variant":7},"8;11":{"pos":[8,11],"type":"grass","variant":7},"8;12":{"pos":[8,12],"type":"grass","variant":7},"8;13":{"pos":[8,13],"type":"grass","variant":7},"8;14":{"pos":[8,14],"type":"grass","variant":7},"8;15":{"pos":[8,15],"type":"grass","variant":6},"8;8":{"pos":[8,8],"type":"grass","variant":0},"8;9":{"pos":[8,9],"type":"grass","variant":7},"9;-2":{"pos":[9,-2],"type":"grass","variant":6},"9;-3":{"pos":[9,-3],"type":"grass","variant":0},"9;-4":{"pos":[9,-4],"type":"decor","variant":3},"9;10":{"pos":[9,10],"type":"grass","variant":8},"9;11":{"pos":[9,11],"type":"grass","variant":8},"9;12":{"pos":[9,12],"type":"grass","variant":8},"9;13":{"pos":[9,13],"type":"grass","variant":8},"9;14":{"pos":[9,14],"type":"grass","variant":8},"9;15":{"pos":[9,15],"type":"grass","variant":8},"9;16":{"pos":[9,16],"type":"grass","variant":6},"9;6":{"pos":[9,6],"type":"decor","variant":2},"9;7":{"pos":[9,7],"type":"grass","variant":0},"9;8":{"pos":[9,8],"type":"grass","variant":8},"9;9":{"pos":[9,9],"type":"grass","variant":8}}}