{"offgrid":[{"pos":[449,-46],"type":"large_decor","variant":0},{"pos":[445,-269],"type":"large_decor","variant":0},{"pos":[1099,-17],"type":"large_decor","variant":0},{"pos":[995,-430],"type":"large_decor","variant":0},{"pos":[101,-47],"type":"large_decor","variant":0},{"pos":[-242,-46],"type":"large_decor","variant":0},{"pos":[-158,-46],"type":"large_decor","variant":0},{"pos":[-193,-43],"type":"large_decor","variant":0},{"pos":[-191,-53],"type":"large_decor","variant":0},{"pos":[-226,-56],"type":"large_decor","variant":0},{"pos":[677,-77],"type":"large_decor","variant":2},{"pos":[828,-37],"type":"large_decor","variant":2},{"pos":[1053,-85],"type":"large_decor","variant":2},{"pos":[1175,-71],"type":"large_decor","variant":2},{"pos":[932,-467],"type":"large_decor","variant":2},{"pos":[1040,-504],"type":"large_decor","variant":2},{"pos":[368,-93],"type":"large_decor","variant":2},{"pos":[517,-116],"type":"large_decor","variant":1},{"pos":[654,-23],"type":"large_decor","variant":1},{"pos":[798,-19],"type":"large_decor","variant":1},{"pos":[1033,13],"type":"large_decor","variant":1},{"pos":[264,298],"type":"large_decor","variant":1},{"pos":[972,-403],"type":"large_decor","variant":1},{"pos":[867,-406],"type":"large_decor","variant":1},{"pos":[559,-22],"type":"large_decor","variant":1},{"pos":[333,252],"type":"spawners","variant":0},{"pos":[171,-66],"type":"spawners","variant":1},{"pos":[209,-65],"type":"spawners","variant":1},{"pos":[240,-64],"type":"spawners","variant":1},{"pos":[-232,-63],"type":"spawners","variant":1},{"pos":[-187,-65],"type":"spawners","variant":1},{"pos":[-156,-65],"type":"spawners","variant":1},{"pos":[-107,-63],"type":"spawners","variant":1},{"pos":[413,-65],"type":"spawners","variant":1},{"pos":[469,-65],"type":"spawners","variant":1},{"pos":[614,-33],"type":"spawners","variant":1},{"pos":[699,-30],"type":"spawners","variant":1},{"pos":[761,-35],"type":"spawners","variant":1},{"pos":[808,-32],"type":"spawners","variant":1},{"pos":[787,-194],"type":"spawners","variant":1},{"pos":[817,-198],"type":"spawners","variant":1},{"pos":[857,-192],"type":"spawners","variant":1},{"pos":[434,-294],"type":"spawners","variant":1},{"pos":[635,-352],"type":"spawners","variant":1},{"pos":[709,-354],"type":"spawners","variant":1},{"pos":[881,-421],"type":"spawners","variant":1},{"pos":[916,-423],"type":"spawners","variant":1},{"pos":[949,-419],"type":"spawners","variant":1},{"pos":[1030,-454],"type":"spawners","variant":1},{"pos":[1103,-33],"type":"spawners","variant":1},{"pos":[1172,-32],"type":"spawners","variant":1},{"pos":[1135,-36],"type":"spawners","variant":1},{"pos":[1076,-34],"type":"spawners","variant":1}],"tile_size":32,"tilemap":{"-1;-1":{"pos":[-1,-1],"type":"stone","variant":2},"-1;0":{"pos":[-1,0],"type":"stone","variant":4},"-2;-1":{"pos":[-2,-1],"type":"stone","variant":1},"-2;0":{"pos":[-2,0],"type":"stone","variant":8},"-2;1":{"pos":[-2,1],"type":"stone","variant":4},"-3;-1":{"pos":[-3,-1],"type":"stone","variant":1},"-3;0":{"pos":[-3,0],"type":"stone","variant":8},"-3;1":{"pos":[-3,1],"type":"stone","variant":8},"-3;2":{"pos":[-3,2],"type":"stone","variant":4},"-4;-1":{"pos":[-4,-1],"type":"stone","variant":1},"-4;0":{"pos":[-4,0],"type":"stone","variant":8},"-4;1":{"pos":[-4,1],"type":"stone","variant":8},"-4;2":{"pos":[-4,2],"type":"stone","variant":5},"-5;-1":{"pos":[-5,-1],"type":"stone","variant":1},"-5;0":{"pos":[-5,0],"type":"stone","variant":8},"-5;1":{"pos":[-5,1],"type":"stone","variant":8},"-5;2":{"pos":[-5,2],"type":"stone","variant":5},"-6;-1":{"pos":[-6,-1],"type":"stone","variant":1},"-6;0":{"pos":[-6,0],"type":"stone","variant":8},"-6;1":{"pos":[-6,1],"type":"stone","variant":8},"-6;2":{"pos":[-6,2],"type":"stone","variant":5},"-7;-1":{"pos":[-7,-1],"type":"stone","variant":1},"-7;0":{"pos":[-7,0],"type":"stone","variant":8},"-7;1":{"pos":[-7,1],"type":"stone","variant":8},"-7;2":{"pos":[-7,2],"type":"stone","variant":6},"-8;-1":{"pos":[-8,-1],"type":"stone","variant":0},"-8;0":{"pos":[-8,0],"type":"stone","variant":7},"-8;1":{"pos":[-8,1],"type":"stone","variant":6},"10;10":{"pos":[10,10],"type":"grass","variant":8},"10;11":{"pos":[10,11],"type":"grass","variant":8},"10;12":{"pos":[10,12],"type":"grass","variant":8},"10;13":{"pos":[10,13],"type":"grass","variant":8},"10;14":{"pos":[10,14],"type":"grass","variant":3},"10;15":{"pos":[10,15],"type":"grass","variant":4},"10;8":{"pos":[10,8],"type":"decor","variant":0},"10;9":{"pos":[10,9],"type":"grass","variant":1},"11;10":{"pos":[11,10],"type":"grass","variant":8},"11;11":{"pos":[11,11],"type":"grass","variant":8},"11;12":{"pos":[11,12],"type":"grass","variant":3},"11;13":{"pos":[11,13],"type":"grass","variant":4},"11;8":{"pos":[11,8],"type":"decor","variant":3},"11;9":{"pos":[11,9],"type":"grass","variant":2},"12;-1":{"pos":[12,-1],"type":"grass","variant":0},"12;-2":{"pos":[12,-2],"type":"decor","variant":0},"12;0":{"pos":[12,0],"type":"grass","variant":7},"12;1":{"pos":[12,1],"type":"grass","variant":7},"12;10":{"pos":[12,10],"type":"grass","variant":2},"12;11":{"pos":[12,11],"type":"grass","variant":4},"12;2":{"pos":[12,2],"type":"grass","variant":7},"12;3":{"pos":[12,3],"type":"grass","variant":7},"12;4":{"pos":[12,4],"type":"grass","variant":7},"12;5":{"pos":[12,5],"type":"grass","variant":6},"12;9":{"pos":[12,9],"type":"decor","variant":2},"13;-1":{"pos":[13,-1],"type":"grass","variant":1},"13;-2":{"pos":[13,-2],"type":"decor","variant":1},"13;-6":{"pos":[13,-6],"type":"stone","variant":6},"13;-7":{"pos":[13,-7],"type":"stone","variant":7},"13;-8":{"pos":[13,-8],"type":"stone","variant":0},"13;0":{"pos":[13,0],"type":"grass","variant":8},"13;1":{"pos":[13,1],"type":"grass","variant":8},"13;2":{"pos":[13,2],"type":"grass","variant":8},"13;3":{"pos":[13,3],"type":"grass","variant":8},"13;4":{"pos":[13,4],"type":"grass","variant":8},"13;5":{"pos":[13,5],"type":"grass","variant":8},"13;6":{"pos":[13,6],"type":"grass","variant":6},"14;-1":{"pos":[14,-1],"type":"grass","variant":1},"14;-2":{"pos":[14,-2],"type":"decor","variant":2},"14;-6":{"pos":[14,-6],"type":"stone","variant":5},"14;-7":{"pos":[14,-7],"type":"stone","variant":8},"14;-8":{"pos":[14,-8],"type":"stone","variant":1},"14;0":{"pos":[14,0],"type":"grass","variant":8},"14;1":{"pos":[14,1],"type":"grass","variant":8},"14;2":{"pos":[14,2],"type":"grass","variant":8},"14;3":{"pos":[14,3],"type":"grass","variant":8},"14;4":{"pos":[14,4],"type":"grass","variant":8},"14;5":{"pos":[14,5],"type":"grass","variant":8},"14;6":{"pos":[14,6],"type":"grass","variant":5},"15;-1":{"pos":[15,-1],"type":"grass","variant":1},"15;-6":{"pos":[15,-6],"type":"stone","variant":4},"15;-7":{"pos":[15,-7],"type":"stone","variant":3},"15;-8":{"pos":[15,-8],"type":"stone","variant":2},"15;0":{"pos":[15,0],"type":"grass","variant":8},"15;1":{"pos":[15,1],"type":"grass","variant":8},"15;2":{"pos":[15,2],"type":"grass","variant":8},"15;3":{"pos":[15,3],"type":"grass","variant":8},"15;4":{"pos":[15,4],"type":"grass","variant":8},"15;5":{"pos":[15,5],"type":"grass","variant":8},"15;6":{"pos":[15,6],"type":"grass","variant":4},"16;-1":{"pos":[16,-1],"type":"grass","variant":8},"16;-2":{"pos":[16,-2],"type":"grass","variant":7},"16;-3":{"pos":[16,-3],"type":"grass","variant":0},"16;0":{"pos":[16,0],"type":"grass","variant":8},"16;1":{"pos":[16,1],"type":"grass","variant":8},"16;2":{"pos":[16,2],"type":"grass","variant":8},"16;3":{"pos":[16,3],"type":"grass","variant":8},"16;4":{"pos":[16,4],"type":"grass","variant":8},"16;5":{"pos":[16,5],"type":"grass","variant":5},"17;-1":{"pos":[17,-1],"type":"grass","variant":3},"17;-2":{"pos":[17,-2],"type":"grass","variant":3},"17;-3":{"pos":[17,-3],"type":"grass","variant":2},"17;-4":{"pos":[17,-4],"type":"decor","variant":1},"17;0":{"pos":[17,0],"type":"grass","variant":8},"17;1":{"pos":[17,1],"type":"grass","variant":8},"17;2":{"pos":[17,2],"type":"grass","variant":8},"17;3":{"pos":[17,3],"type":"grass","variant":8},"17;4":{"pos":[17,4],"type":"grass","variant":3},"17;5":{"pos":[17,5],"type":"grass","variant":4},"18;-7":{"pos":[18,-7],"type":"stone","variant":6},"18;-8":{"pos":[18,-8],"type":"stone","variant":7},"18;-9":{"pos":[18,-9],"type":"stone","variant":0},"18;0":{"pos":[18,0],"type":"grass","variant":1},"18;1":{"pos":[18,1],"type":"grass","variant":8},"18;2":{"pos":[18,2],"type":"grass","variant":8},"18;3":{"pos":[18,3],"type":"grass","variant":5},"19;-1":{"pos":[19,-1],"type":"decor","variant":0},"19;-10":{"pos":[19,-10],"type":"stone","variant":0},"19;-7":{"pos":[19,-7],"type":"stone","variant":5},"19;-8":{"pos":[19,-8],"type":"stone","variant":8},"19;-9":{"pos":[19,-9],"type":"stone","variant":8},"19;0":{"pos":[19,0],"type":"grass","variant":1},"19;1":{"pos":[19,1],"type":"grass","variant":8},"19;2":{"pos":[19,2],"type":"grass","variant":8},"19;3":{"pos":[19,3],"type":"grass","variant":5},"20;-1":{"pos":[20,-1],"type":"decor","variant":2},"20;-10":{"pos":[20,-10],"type":"stone","variant":1},"20;-7":{"pos":[20,-7],"type":"stone","variant":5},"20;-8":{"pos":[20,-8],"type":"stone","variant":8},"20;-9":{"pos":[20,-9],"type":"stone","variant":8},"20;0":{"pos":[20,0],"type":"grass","variant":1},"20;1":{"pos":[20,1],"type":"grass","variant":8},"20;2":{"pos":[20,2],"type":"grass","variant":8},"20;3":{"pos":[20,3],"type":"grass","variant":5},"21;-10":{"pos":[21,-10],"type":"stone","variant":1},"21;-11":{"pos":[21,-11],"type":"decor","variant":3},"21;-7":{"pos":[21,-7],"type":"stone","variant":4},"21;-8":{"pos":[21,-8],"type":"stone","variant":8},"21;-9":{"pos":[21,-9],"type":"stone","variant":8},"21;0":{"pos":[21,0],"type":"grass","variant":1},"21;1":{"pos":[21,1],"type":"grass","variant":8},"21;2":{"pos":[21,2],"type":"grass","variant":8},"21;3":{"pos":[21,3],"type":"grass","variant":8},"21;4":{"pos":[21,4],"type":"grass","variant":6},"22;-1":{"pos":[22,-1],"type":"decor","variant":1},"22;-10":{"pos":[22,-10],"type":"stone","variant":2},"22;-8":{"pos":[22,-8],"type":"stone","variant":4},"22;-9":{"pos":[22,-9],"type":"stone","variant":3},"22;0":{"pos":[22,0],"type":"grass","variant":1},"22;1":{"pos":[22,1],"type":"grass","variant":8},"22;2":{"pos":[22,2],"type":"grass","variant":8},"22;3":{"pos":[22,3],"type":"grass","variant":8},"22;4":{"pos":[22,4],"type":"grass","variant":5},"23;-1":{"pos":[23,-1],"type":"decor","variant":0},"23;0":{"pos":[23,0],"type":"grass","variant":1},"23;1":{"pos":[23,1],"type":"grass","variant":8},"23;2":{"pos":[23,2],"type":"grass","variant":8},"23;3":{"pos":[23,3],"type":"grass","variant":8},"23;4":{"pos":[23,4],"type":"grass","variant":4},"24;-1":{"pos":[24,-1],"type":"decor","variant":2},"24;-4":{"pos":[24,-4],"type":"stone","variant":6},"24;-5":{"pos":[24,-5],"type":"stone","variant":0},"24;0":{"pos":[24,0],"type":"grass","variant":1},"24;1":{"pos":[24,1],"type":"grass","variant":8},"24;2":{"pos":[24,2],"type":"grass","variant":8},"24;3":{"pos":[24,3],"type":"grass","variant":5},"25;-4":{"pos":[25,-4],"type":"stone","variant":5},"25;-5":{"pos":[25,-5],"type":"stone","variant":1},"25;0":{"pos":[25,0],"type":"grass","variant":1},"25;1":{"pos":[25,1],"type":"grass","variant":8},"25;2":{"pos":[25,2],"type":"grass","variant":3},"25;3":{"pos":[25,3],"type":"grass","variant":4},"26;-1":{"pos":[26,-1],"type":"decor","variant":1},"26;-10":{"pos":[26,-10],"type":"grass","variant":6},"26;-11":{"pos":[26,-11],"type":"grass","variant":7},"26;-12":{"pos":[26,-12],"type":"grass","variant":0},"26;-13":{"pos":[26,-13],"type":"decor","variant":0},"26;-4":{"pos":[26,-4],"type":"stone","variant":5},"26;-5":{"pos":[26,-5],"type":"stone","variant":1},"26;-6":{"pos":[26,-6],"type":"decor","variant":3},"26;0":{"pos":[26,0],"type":"grass","variant":2},"26;1":{"pos":[26,1],"type":"grass","variant":4},"27;-10":{"pos":[27,-10],"type":"grass","variant":8},"27;-11":{"pos":[27,-11],"type":"grass","variant":8},"27;-12":{"pos":[27,-12],"type":"grass","variant":1},"27;-13":{"pos":[27,-13],"type":"decor","variant":1},"27;-4":{"pos":[27,-4],"type":"stone","variant":4},"27;-5":{"pos":[27,-5],"type":"stone","variant":2},"27;-9":{"pos":[27,-9],"type":"grass","variant":6},"28;-10":{"pos":[28,-10],"type":"grass","variant":8},"28;-11":{"pos":[28,-11],"type":"grass","variant":8},"28;-12":{"pos":[28,-12],"type":"grass","variant":1},"28;-9":{"pos":[28,-9],"type":"grass","variant":5},"29;-10":{"pos":[29,-10],"type":"grass","variant":8},"29;-11":{"pos":[29,-11],"type":"grass","variant":8},"29;-12":{"pos":[29,-12],"type":"grass","variant":1},"29;-13":{"pos":[29,-13],"type":"decor","variant":1},"29;-9":{"pos":[29,-9],"type":"grass","variant":5},"30;-10":{"pos":[30,-10],"type":"grass","variant":8},"30;-11":{"pos":[30,-11],"type":"grass","variant":8},"30;-12":{"pos":[30,-12],"type":"grass","variant":1},"30;-13":{"pos":[30,-13],"type":"decor","variant":2},"30;-9":{"pos":[30,-9],"type":"grass","variant":5},"31;-10":{"pos":[31,-10],"type":"grass","variant":8},"31;-11":{"pos":[31,-11],"type":"grass","variant":8},"31;-12":{"pos":[31,-12],"type":"grass","variant":8},"31;-13":{"pos":[31,-13],"type":"grass","variant":0},"31;-9":{"pos":[31,-9],"type":"grass","variant":4},"32;-10":{"pos":[32,-10],"type":"grass","variant":4},"32;-11":{"pos":[32,-11],"type":"grass","variant":8},"32;-12":{"pos":[32,-12],"type":"grass","variant":8},"32;-13":{"pos":[32,-13],"type":"grass","variant":1},"32;-14":{"pos":[32,-14],"type":"decor","variant":0},"32;0":{"pos":[32,0],"type":"decor","variant":2},"32;1":{"pos":[32,1],"type":"grass","variant":0},"32;2":{"pos":[32,2],"type":"grass","variant":6},"33;-1":{"pos":[33,-1],"type":"decor","variant":1},"33;-11":{"pos":[33,-11],"type":"grass","variant":4},"33;-12":{"pos":[33,-12],"type":"grass","variant":3},"33;-13":{"pos":[33,-13],"type":"grass","variant":2},"33;0":{"pos":[33,0],"type":"grass","variant":0},"33;1":{"pos":[33,1],"type":"grass","variant":8},"33;2":{"pos":[33,2],"type":"grass","variant":8},"33;3":{"pos":[33,3],"type":"grass","variant":6},"34;-1":{"pos":[34,-1],"type":"decor","variant":0},"34;0":{"pos":[34,0],"type":"grass","variant":1},"34;1":{"pos":[34,1],"type":"grass","variant":8},"34;2":{"pos":[34,2],"type":"grass","variant":8},"34;3":{"pos":[34,3],"type":"grass","variant":5},"35;0":{"pos":[35,0],"type":"grass","variant":1},"35;1":{"pos":[35,1],"type":"grass","variant":8},"35;2":{"pos":[35,2],"type":"grass","variant":8},"35;3":{"pos":[35,3],"type":"grass","variant":5},"36;-1":{"pos":[36,-1],"type":"decor","variant":2},"36;0":{"pos":[36,0],"type":"grass","variant":1},"36;1":{"pos":[36,1],"type":"grass","variant":8},"36;2":{"pos":[36,2],"type":"grass","variant":8},"36;3":{"pos":[36,3],"type":"grass","variant":5},"37;-1":{"pos":[37,-1],"type":"decor","variant":0},"37;0":{"pos":[37,0],"type":"grass","variant":1},"37;1":{"pos":[37,1],"type":"grass","variant":8},"37;2":{"pos":[37,2],"type":"grass","variant":8},"37;3":{"pos":[37,3],"type":"grass","variant":4},"38;-1":{"pos":[38,-1],"type":"decor","variant":3},"38;0":{"pos":[38,0],"type":"grass","variant":2},"38;1":{"pos":[38,1],"type":"grass","variant":3},"38;2":{"pos":[38,2],"type":"grass","variant":4},"3;-1":{"pos":[3,-1],"type":"stone","variant":0},"3;0":{"pos":[3,0],"type":"stone","variant":7},"3;1":{"pos":[3,1],"type":"stone","variant":6},"4;-1":{"pos":[4,-1],"type":"stone","variant":1},"4;-2":{"pos":[4,-2],"type":"decor","variant":3},"4;0":{"pos":[4,0],"type":"stone","variant":8},"4;1":{"pos":[4,1],"type":"stone","variant":8},"4;2":{"pos":[4,2],"type":"stone","variant":7},"4;3":{"pos":[4,3],"type":"stone","variant":7},"4;4":{"pos":[4,4],"type":"stone","variant":6},"5;-1":{"pos":[5,-1],"type":"stone","variant":1},"5;0":{"pos":[5,0],"type":"stone","variant":8},"5;1":{"pos":[5,1],"type":"stone","variant":8},"5;2":{"pos":[5,2],"type":"stone","variant":8},"5;3":{"pos":[5,3],"type":"stone","variant":8},"5;4":{"pos":[5,4],"type":"stone","variant":8},"5;5":{"pos":[5,5],"type":"stone","variant":6},"6;-1":{"pos":[6,-1],"type":"stone","variant":1},"6;0":{"pos":[6,0],"type":"stone","variant":8},"6;1":{"pos":[6,1],"type":"stone","variant":8},"6;2":{"pos":[6,2],"type":"stone","variant":8},"6;3":{"pos":[6,3],"type":"stone","variant":8},"6;4":{"pos":[6,4],"type":"stone","variant":8},"6;5":{"pos":[6,5],"type":"stone","variant":5},"7;-1":{"pos":[7,-1],"type":"stone","variant":1},"7;0":{"pos":[7,0],"type":"stone","variant":8},"7;1":{"pos":[7,1],"type":"stone","variant":8},"7;2":{"pos":[7,2],"type":"stone","variant":8},"7;3":{"pos":[7,3],"type":"stone","variant":8},"7;4":{"pos":[7,4],"type":"stone","variant":8},"7;5":{"pos":[7,5],"type":"stone","variant":5},"8;-1":{"pos":[8,-1],"type":"stone","variant":1},"8;-2":{"pos":[8,-2],"type":"decor","variant":3},"8;0":{"pos":[8,0],"type":"stone","variant":8},"8;1":{"pos":[8,1],"type":"stone","variant":8},"8;10":{"pos":[8,10],"type":"grass","variant":0},"8;11":{"pos":[8,11],"type":"grass","variant":7},"8;12":{"pos":[8,12],"type":"grass","variant":7},"8;13":{"pos":[8,13],"type":"grass","variant":7},"8;14":{"pos":[8,14],"type":"grass","variant":7},"8;15":{"pos":[8,15],"type":"grass","variant":6},"8;2":{"pos":[8,2],"type":"stone","variant":8},"8;3":{"pos":[8,3],"type":"stone","variant":8},"8;4":{"pos":[8,4],"type":"stone","variant":8},"8;5":{"pos":[8,5],"type":"stone","variant":5},"9;-1":{"pos":[9,-1],"type":"stone","variant":2},"9;0":{"pos":[9,0],"type":"stone","variant":3},"9;1":{"pos":[9,1],"type":"stone","variant":3},"9;10":{"pos":[9,10],"type":"grass","variant":8},"9;11":{"pos":[9,11],"type":"grass","variant":8},"9;12":{"pos":[9,12],"type":"grass","variant":8},"9;13":{"pos":[9,13],"type":"grass","variant":8},"9;14":{"pos":[9,14],"type":"grass","variant":8},"9;15":{"pos":[9,15],"type":"grass","variant":5},"9;2":{"pos":[9,2],"type":"stone","variant":3},"9;3":{"pos":[9,3],"type":"stone","variant":3},"9;4":{"pos":[9,4],"type":"stone","variant":3},"9;5":{"pos":[9,5],"type":"stone","variant":4},"9;8":{"pos":[9,8],"type":"decor","variant":1},"9;9":{"pos":[9,9],"type":"grass","variant":0}}}